question_id,year,number,problem_id,subject,domain,topic,problem_difficulty,test_type,previous_years,country,problem_text,answers_text,choices_json,correct_answer,image_path,tex_path,raw_text,extra_json,solution_text,solution_image,mcq_frq,is_published
2025_1,2025,1,2025_1,math,Number and Numeration,Number Bases,,,,,"Find (101_2)^2, expressing the answer in base 2.",Binary exponentiation,"{""A"": ""11101"", ""B"": ""10101"", ""C"": ""10010"", ""D"": ""11001"", ""E"": null, ""F"": null}",D,,,"Find (101_2)^2, expressing the answer in base 2.",,"101_2 = 5 in base ten. Squaring gives 25. Converting 25 to base 2 gives 11001_2, so the answer is D.",,MCQ,false
2025_2,2025,2,2025_2,math,Commercial Mathematics,Ratio and Proportion,,,,,"If three children share N10.50 among themselves in the ratio 6:7:8, how much is the largest share?",Shared ratio,"{""A"": ""N3.50"", ""B"": ""N4.00"", ""C"": ""N4.50"", ""D"": ""N3.00"", ""E"": null, ""F"": null}",B,,,"If three children share N10.50 among themselves in the ratio 6:7:8, how much is the largest share?",,"The total number of parts is 6 + 7 + 8 = 21. One part is N10.50/21 = N0.50. The largest share is 8 parts, so 8 x N0.50 = N4.00.",,MCQ,false
2025_3,2025,3,2025_3,math,Number and Numeration,Standard Form,,,,,Express 0.000834 in standard form.,Standard form,"{""A"": ""8.34 x 10^(-4)"", ""B"": ""8.34 x 10^(-3)"", ""C"": ""8.34 x 10^4"", ""D"": ""8.34 x 10^3"", ""E"": null, ""F"": null}",A,,,Express 0.000834 in standard form.,,"Move the decimal point four places to the right to get 8.34, so 0.000834 = 8.34 x 10^(-4).",,MCQ,false
2025_4,2025,4,2025_4,math,Number and Numeration,Indices,,,,,Simplify 0.027^(-1/3).,Simplify expression,"{""A"": ""3/10"", ""B"": ""3 1/3"", ""C"": ""1/3"", ""D"": ""3"", ""E"": null, ""F"": null}",B,,,Simplify 0.027^(-1/3).,,0.027 = 27/1000 = (3/10)^3. Therefore 0.027^(-1/3) = ((3/10)^3)^(-1/3) = (3/10)^(-1) = 10/3 = 3 1/3.,,MCQ,false
2025_5,2025,5,2025_5,math,Number and Numeration,Logarithms,,,,,"Given that log_2(a) = log_8(4), find a.",Logarithm relation,"{""A"": ""2^(1/2)"", ""B"": ""2^(2/3)"", ""C"": ""4^(2/3)"", ""D"": ""4^(1/2)"", ""E"": null, ""F"": null}",B,,,"Given that log_2(a) = log_8(4), find a.",,"Let log_8(4) = y. Then 8^y = 4. Since 8 = 2^3 and 4 = 2^2, 2^(3y) = 2^2, so y = 2/3. Hence log_2(a) = 2/3 and a = 2^(2/3).",,MCQ,false
2025_6,2025,6,2025_6,math,Commercial Mathematics,"Profit, Loss, and Discount",,,,,"By selling some crates of soft drinks for N600.00, a dealer makes a profit of 50%. How much did the dealer pay for the drinks?",Profit calculation,"{""A"": ""N400.00"", ""B"": ""N1200.00"", ""C"": ""N900.00"", ""D"": ""N450.00"", ""E"": null, ""F"": null}",A,,,"By selling some crates of soft drinks for N600.00, a dealer makes a profit of 50%. How much did the dealer pay for the drinks?",,"Let the cost price be C. A 50% profit means selling price = 1.5C. Thus 600 = 1.5C, so C = 400.",,MCQ,false
2025_7,2025,7,2025_7,math,Number and Numeration,Sequences and Series,,,,,"Find the nth term U_n of the arithmetic progression 11, 4, -3, ...",Arithmetic progression,"{""A"": ""U_n = 19 - 7n"", ""B"": ""U_n = 19 + 7n"", ""C"": ""U_n = 18 - 7n"", ""D"": ""U_n = 18 + 7n"", ""E"": null, ""F"": null}",C,,,"Find the nth term U_n of the arithmetic progression 11, 4, -3, ...",,The common difference is 4 - 11 = -7. Therefore U_n = a + (n - 1)d = 11 + (n - 1)(-7) = 18 - 7n.,,MCQ,false
2025_8,2025,8,2025_8,math,Number and Numeration,Sets,,,,,"If R = {2, 4, 6, 7} and S = {1, 2, 4, 8}, then R union S equals what?",Set union,"{""A"": ""{1, 2, 4, 6, 7, 8}"", ""B"": ""{1, 2, 4, 7, 8}"", ""C"": ""{1, 4, 7, 8}"", ""D"": ""{2, 6, 7}"", ""E"": null, ""F"": null}",A,,,"If R = {2, 4, 6, 7} and S = {1, 2, 4, 8}, then R union S equals what?",,"The union contains every element that appears in either set, without repetition: {1, 2, 4, 6, 7, 8}.",,MCQ,false
2025_9,2025,9,2025_9,math,Number and Numeration,Sequences and Series,,,,,"If 16/9, x, 1, y are in geometric progression, find the product xy.",Geometric progression,"{""A"": ""16/9"", ""B"": ""3/4"", ""C"": ""1"", ""D"": ""4/3"", ""E"": null, ""F"": null}",C,,,"If 16/9, x, 1, y are in geometric progression, find the product xy.",,"In a geometric progression the product of terms equidistant from the ends is equal. Thus x x 1 = (16/9)y, and using the common ratio gives x = 4/3 and y = 3/4. Hence xy = 1.",,MCQ,false
2025_10,2025,10,2025_10,math,Number and Numeration,Sets,,,,,"[Diagram required] In the diagram, the shaded portion is represented by which set expression?",Venn diagram shading,"{""A"": ""(P union Q)^1 intersection R"", ""B"": ""P^1 intersection Q intersection R"", ""C"": ""P^1 intersection R"", ""D"": ""Q^1 intersection R"", ""E"": null, ""F"": null}",C,,,"[Diagram required] In the diagram, the shaded portion is represented by which set expression?","{""requires_diagram"": true}",The shaded region is the part of R that lies outside P. That set is P^1 intersection R. The item requires the original Venn diagram for independent verification.,,MCQ,false
2025_11,2025,11,2025_11,math,Algebra,Equations and Inequalities,,,,,Find the values of x for which (6x - 1)/(x^2 + 4x - 5) is undefined.,Undefined fraction,"{""A"": ""+5 or -1"", ""B"": ""-5 or +1"", ""C"": ""-5 or -1"", ""D"": ""+4 or +1"", ""E"": null, ""F"": null}",B,,,Find the values of x for which (6x - 1)/(x^2 + 4x - 5) is undefined.,,A rational expression is undefined when its denominator is zero. Factor x^2 + 4x - 5 = (x + 5)(x - 1). Therefore x = -5 or x = 1.,,MCQ,false
2025_12,2025,12,2025_12,math,Algebra,Equations and Inequalities,,,,,Solve the inequality (1/3)(2x - 1) < 5.,Inequality solution,"{""A"": ""x < -5"", ""B"": ""x < 8"", ""C"": ""x < -6"", ""D"": ""x < 7"", ""E"": null, ""F"": null}",B,,,Solve the inequality (1/3)(2x - 1) < 5.,,"Multiply both sides by 3: 2x - 1 < 15. Then 2x < 16, so x < 8.",,MCQ,false
2025_13,2025,13,2025_13,math,Algebra,Equations and Inequalities,,,,,Find the smaller value of x for which x^2 - 3x + 2 = 0.,Quadratic equation,"{""A"": ""4"", ""B"": ""2"", ""C"": ""3"", ""D"": ""1"", ""E"": null, ""F"": null}",D,,,Find the smaller value of x for which x^2 - 3x + 2 = 0.,,"Factor x^2 - 3x + 2 = (x - 1)(x - 2). The roots are 1 and 2, so the smaller value is 1.",,MCQ,false
2025_14,2025,14,2025_14,math,Algebra,Algebraic Expressions,,,,,Factorize x(a - c) + y(c - a).,Factorisation,"{""A"": ""(a - c)(y - x)"", ""B"": ""(a + c)(x + y)"", ""C"": ""(a + c)(x - y)"", ""D"": ""(a - c)(x - y)"", ""E"": null, ""F"": null}",D,,,Factorize x(a - c) + y(c - a).,,"Since c - a = -(a - c), the expression becomes x(a - c) - y(a - c) = (a - c)(x - y).",,MCQ,false
2025_15,2025,15,2025_15,math,Algebra,Variation,,,,,"If y varies inversely as x^2 and x = 3 when y = 4, find y when x = 2.",Inverse variation,"{""A"": ""3"", ""B"": ""9"", ""C"": ""1"", ""D"": ""18"", ""E"": null, ""F"": null}",B,,,"If y varies inversely as x^2 and x = 3 when y = 4, find y when x = 2.",,"Write y = k/x^2. When x = 3 and y = 4, k = 4 x 9 = 36. When x = 2, y = 36/4 = 9.",,MCQ,false
2025_16,2025,16,2025_16,math,Algebra,Equations and Inequalities,,,,,Solve 3x^2 + 25x - 18 = 0.,Quadratic equation,"{""A"": ""-3, 2"", ""B"": ""-9, 2/3"", ""C"": ""-2, 9"", ""D"": ""-2, 3"", ""E"": null, ""F"": null}",B,,,Solve 3x^2 + 25x - 18 = 0.,,Factor 3x^2 + 25x - 18 = (3x - 2)(x + 9). Hence x = 2/3 or x = -9.,,MCQ,false
2025_17,2025,17,2025_17,math,Algebra,Equations and Inequalities,,,,,Solve (x + 2)(x - 7) = 0.,Simple roots,"{""A"": ""-1 or 8"", ""B"": ""-4 or 5"", ""C"": ""-3 or 6"", ""D"": ""-2 or 7"", ""E"": null, ""F"": null}",D,,,Solve (x + 2)(x - 7) = 0.,,"Set each factor equal to zero. x + 2 = 0 gives x = -2, and x - 7 = 0 gives x = 7.",,MCQ,false
2025_18,2025,18,2025_18,math,Algebra,Simultaneous Equations,,,,,Solve x + y = 3/2 and x - y = 5/2. Use your result to find 2y + x.,Simultaneous equations,"{""A"": ""-2"", ""B"": ""1/2"", ""C"": ""1"", ""D"": ""-1"", ""E"": null, ""F"": null}",C,,,Solve x + y = 3/2 and x - y = 5/2. Use your result to find 2y + x.,,"Add the equations to get 2x = 4, so x = 2. Then 2 + y = 3/2, so y = -1/2. Therefore 2y + x = 2(-1/2) + 2 = 1.",,MCQ,false
2025_19,2025,19,2025_19,math,Geometry and Mensuration,Coordinate Geometry,,,,,"[Graph required] Which inequality is illustrated by the sketch graph? The boundary line passes through (0, 3) and (1, 0), with the region below the line shaded.",Graph inequality,"{""A"": ""y <= -3x + 3"", ""B"": ""y <= 3x + 2"", ""C"": ""y >= -2x + 3"", ""D"": ""y <= x + 3"", ""E"": null, ""F"": null}",A,,,"[Graph required] Which inequality is illustrated by the sketch graph? The boundary line passes through (0, 3) and (1, 0), with the region below the line shaded.","{""requires_graph"": true}","The line through (0,3) and (1,0) has gradient (0 - 3)/(1 - 0) = -3 and equation y = -3x + 3. Since the region below the line is shaded, the inequality is y <= -3x + 3.",,MCQ,false
2025_20,2025,20,2025_20,math,Geometry and Mensuration,Coordinate Geometry,,,,,"For the graph of y = 3x^2 + x - 7, what is the minimum value of y from the given options?",Minimum value of a quadratic,"{""A"": ""-7"", ""B"": ""-10"", ""C"": ""-4"", ""D"": ""-1"", ""E"": null, ""F"": null}",A,,,"For the graph of y = 3x^2 + x - 7, what is the minimum value of y from the given options?",,"The exact vertex value is obtained at x = -b/(2a) = -1/6, giving y = -85/12, about -7.08. Among the listed options and from the plotted graph, the minimum is read as approximately -7.",,MCQ,false
2025_21,2025,21,2025_21,math,Geometry and Mensuration,Coordinate Geometry,,,,,"Using the graph of y = 3x^2 + x - 7, find the roots of the equation.",Roots from graph,"{""A"": ""1.4 and -1.7"", ""B"": ""2.0 and -1.9"", ""C"": ""1.0 and -1.2"", ""D"": ""1.1 and -1.3"", ""E"": null, ""F"": null}",A,,,"Using the graph of y = 3x^2 + x - 7, find the roots of the equation.",,"The roots are where the graph crosses the x-axis. Solving 3x^2 + x - 7 = 0 gives x = (-1 +/- sqrt(85))/6, approximately 1.37 and -1.70, so the graph values are about 1.4 and -1.7.",,MCQ,false
2025_22,2025,22,2025_22,math,Geometry and Mensuration,Mensuration,,,,,The diagonals AC and BD of a rhombus ABCD are 16 cm and 12 cm long. Calculate the area of the rhombus.,Area of rhombus,"{""A"": ""96 cm^2"", ""B"": ""36 cm^2"", ""C"": ""48 cm^2"", ""D"": ""24 cm^2"", ""E"": null, ""F"": null}",A,,,The diagonals AC and BD of a rhombus ABCD are 16 cm and 12 cm long. Calculate the area of the rhombus.,,Area of a rhombus = (1/2)d1d2 = (1/2)(16)(12) = 96 cm^2.,,MCQ,false
2025_23,2025,23,2025_23,math,Geometry and Mensuration,Mensuration,,,,,"A cylindrical container, closed at both ends, has radius 7 cm and height 5 cm. Find its total surface area.",Surface area of cylinder,"{""A"": ""35 cm^2"", ""B"": ""528 cm^2"", ""C"": ""154 cm^2"", ""D"": ""220 cm^2"", ""E"": null, ""F"": null}",B,,,"A cylindrical container, closed at both ends, has radius 7 cm and height 5 cm. Find its total surface area.",,"Total surface area of a closed cylinder is 2*pi*r(r + h). Using pi = 22/7, r = 7 and h = 5 gives 2 x 22/7 x 7 x 12 = 528 cm^2.",,MCQ,false
2025_24,2025,24,2025_24,math,Geometry and Mensuration,Mensuration,,,,,Find the total surface area of a solid circular cone with base radius 3 cm and slant height 4 cm. Take pi = 22/7.,Surface area of cone,"{""A"": ""66 cm^2"", ""B"": ""37 5/7 cm^2"", ""C"": ""75 3/7 cm^2"", ""D"": ""78 6/7 cm^2"", ""E"": null, ""F"": null}",A,,,Find the total surface area of a solid circular cone with base radius 3 cm and slant height 4 cm. Take pi = 22/7.,,Total surface area of a cone is pi*r(r + l). Thus area = 22/7 x 3 x (3 + 4) = 66 cm^2.,,MCQ,false
2025_25,2025,25,2025_25,math,Geometry and Mensuration,Mensuration,,,,,A water tank of height 1/2 m has a square base of side 1 1/2 m. It is filled from a water tanker holding 1500 litres. How many litres of water are left?,Tank volume and litres,"{""A"": ""375 litres"", ""B"": ""3750 litres"", ""C"": ""37.5 litres"", ""D"": ""37500 litres"", ""E"": null, ""F"": null}",A,,,A water tank of height 1/2 m has a square base of side 1 1/2 m. It is filled from a water tanker holding 1500 litres. How many litres of water are left?,,"The tank volume is 1.5 x 1.5 x 0.5 = 1.125 m^3. Since 1 m^3 = 1000 litres, the tank holds 1125 litres. Water left = 1500 - 1125 = 375 litres.",,MCQ,false
2025_26,2025,26,2025_26,math,Geometry and Mensuration,Mensuration,,,,,A sphere has volume k cm^3 and surface area k cm^2. Calculate the diameter of the sphere.,Sphere volume and area,"{""A"": ""3 cm"", ""B"": ""9 cm"", ""C"": ""More information needed"", ""D"": ""6 cm"", ""E"": null, ""F"": null}",D,,,A sphere has volume k cm^3 and surface area k cm^2. Calculate the diameter of the sphere.,"{""source_key"": ""A"", ""corrected_for_math"": true}","Set volume equal to surface area: (4/3)pi*r^3 = 4pi*r^2. Dividing by 4pi*r^2 gives r/3 = 1, so r = 3 cm. The diameter is 2r = 6 cm. The source key lists 3 cm, but that is the radius, not the diameter.",,MCQ,false
2025_27,2025,27,2025_27,math,Geometry and Mensuration,Mensuration,,,,,[Diagram required] A cone has a frustum whose indicated radii are 12 cm and 6 cm and whose frustum slant height is 12 cm. Calculate the full cone slant height.,Cone/frustum similarity,"{""A"": ""24 cm"", ""B"": ""15 cm"", ""C"": ""8 cm"", ""D"": ""12 cm"", ""E"": null, ""F"": null}",A,,,[Diagram required] A cone has a frustum whose indicated radii are 12 cm and 6 cm and whose frustum slant height is 12 cm. Calculate the full cone slant height.,"{""requires_diagram"": true}","The radii of the similar cones are in the ratio 12:6 = 2:1, so their slant heights are also in the ratio 2:1. The frustum slant height is the difference between the full and small cone slant heights. If the small slant height is s, then the full slant height is 2s and 2s - s = 12, so s = 12 and the full slant height is 24 cm.",,MCQ,false
2025_28,2025,28,2025_28,math,Miscellaneous Topics,Longitude and Latitude,,,,,"The positions of two countries P and Q are (15 degrees N, 12 degrees E) and (65 degrees N, 12 degrees E). What is the difference in latitude?",Latitude difference,"{""A"": ""50 degrees"", ""B"": ""104 degrees"", ""C"": ""80 degrees"", ""D"": ""100 degrees"", ""E"": null, ""F"": null}",A,,,"The positions of two countries P and Q are (15 degrees N, 12 degrees E) and (65 degrees N, 12 degrees E). What is the difference in latitude?",,"Both latitudes are north, so subtract: 65 degrees - 15 degrees = 50 degrees.",,MCQ,false
2025_29,2025,29,2025_29,math,Geometry and Mensuration,Mensuration,,,,,A 120 degree sector of a circle of radius 21 cm is bent to form a cone. What is the base radius of the cone?,Cone from sector,"{""A"": ""3 1/2 cm"", ""B"": ""10 1/2 cm"", ""C"": ""14 cm"", ""D"": ""7 cm"", ""E"": null, ""F"": null}",D,,,A 120 degree sector of a circle of radius 21 cm is bent to form a cone. What is the base radius of the cone?,,"The sector arc becomes the cone base circumference. Arc length = (120/360) x 2pi x 21 = 14pi. Hence 2pi*r = 14pi, so r = 7 cm.",,MCQ,false
2025_30,2025,30,2025_30,math,Geometry and Mensuration,Mensuration,,,,,"A cylindrical container, closed at both ends, has radius 7 cm and height 5 cm. What is the volume of the container?",Volume of cylinder,"{""A"": ""770 cm^3"", ""B"": ""35 cm^3"", ""C"": ""220 cm^3"", ""D"": ""154 cm^3"", ""E"": null, ""F"": null}",A,,,"A cylindrical container, closed at both ends, has radius 7 cm and height 5 cm. What is the volume of the container?",,"Volume of a cylinder is pi*r^2*h. With r = 7 and h = 5, V = 22/7 x 7^2 x 5 = 770 cm^3.",,MCQ,false
2025_31,2025,31,2025_31,math,Number and Numeration,Logarithms,,,,,"If log_10(x) = bar(2).3675 and log_10(y) = bar(2).9738, find x + y, correct to three significant figures.",Antilogarithms,"{""A"": ""0.118"", ""B"": ""0.903"", ""C"": ""0.117"", ""D"": ""0.944"", ""E"": null, ""F"": null}",A,,,"If log_10(x) = bar(2).3675 and log_10(y) = bar(2).9738, find x + y, correct to three significant figures.",,"The barred characteristic means a negative characteristic: bar(2).3675 = -2 + 0.3675 and bar(2).9738 = -2 + 0.9738. Thus x = 10^(-2 + 0.3675) about 0.02331 and y = 10^(-2 + 0.9738) about 0.09414. Therefore x + y about 0.11745, which is 0.118 to 3 significant figures.",,MCQ,false
2025_32,2025,32,2025_32,math,Geometry and Mensuration,Mensuration,,,,,A sector of a circle has angle 108 degrees and radius 3 1/2 cm. Find the perimeter of the sector.,Perimeter of sector,"{""A"": ""6 3/5 cm"", ""B"": ""7 2/10 cm"", ""C"": ""6 4/5 cm"", ""D"": ""13 3/5 cm"", ""E"": null, ""F"": null}",D,,,A sector of a circle has angle 108 degrees and radius 3 1/2 cm. Find the perimeter of the sector.,,Perimeter = arc length + 2r. Arc length = (108/360) x 2 x 22/7 x 3.5 = 6.6 cm. Therefore perimeter = 6.6 + 7 = 13.6 cm = 13 3/5 cm.,,MCQ,false
2025_33,2025,33,2025_33,math,Geometry and Mensuration,Plane Geometry,,,,,"[Diagram required] In the diagram, AO is perpendicular to OB. Find x.",Angles at a point,"{""A"": ""15 degrees"", ""B"": ""22.5 degrees"", ""C"": ""7.5 degrees"", ""D"": ""30 degrees"", ""E"": null, ""F"": null}",D,,,"[Diagram required] In the diagram, AO is perpendicular to OB. Find x.","{""requires_diagram"": true}",The right angle contributes 90 degrees. The remaining labelled angles in the diagram combine so that the angle equation gives x = 30 degrees.,,MCQ,false
2025_34,2025,34,2025_34,math,Geometry and Mensuration,Circle Geometry,,,,,"[Diagram required] In the diagram, O is the centre of the circle and BD = DC. If angle DCB = 35 degrees, find angle BAO.",Circle geometry,"{""A"": ""25 degrees"", ""B"": ""30 degrees"", ""C"": ""20 degrees"", ""D"": ""35 degrees"", ""E"": null, ""F"": null}",C,,,"[Diagram required] In the diagram, O is the centre of the circle and BD = DC. If angle DCB = 35 degrees, find angle BAO.","{""requires_diagram"": true}","Using BD = DC, triangle BDC is isosceles. Combining the equal base angles with the circle-centre angle facts in the diagram gives angle BAO = 20 degrees.",,MCQ,false
2025_35,2025,35,2025_35,math,Geometry and Mensuration,Polygons,,,,,Which of the following angles is an exterior angle of a regular polygon?,Exterior angle of regular polygon,"{""A"": ""95 degrees"", ""B"": ""78 degrees"", ""C"": ""72 degrees"", ""D"": ""85 degrees"", ""E"": null, ""F"": null}",C,,,Which of the following angles is an exterior angle of a regular polygon?,,The exterior angle of a regular polygon must divide 360 degrees exactly. Only 72 degrees gives an integer number of sides: 360/72 = 5.,,MCQ,false
2025_36,2025,36,2025_36,math,Geometry and Mensuration,Loci,,,,,The locus of a point equidistant from two fixed points is the:,Locus,"{""A"": ""angle bisector of the straight lines joining them"", ""B"": ""parallel line to the straight line joining them"", ""C"": ""perpendicular to the straight line joining them"", ""D"": ""perpendicular bisector of the straight line joining them"", ""E"": null, ""F"": null}",D,,,The locus of a point equidistant from two fixed points is the:,,All points equidistant from two fixed points lie on the perpendicular bisector of the segment joining those points.,,MCQ,false
2025_37,2025,37,2025_37,math,Geometry and Mensuration,Plane Geometry,,,,,"[Diagram required] In the diagram, AB = 12 cm, AE = 8 cm, DC = 9 cm and the indicated lines are parallel. Find EC.",Similar triangles,"{""A"": ""6 cm"", ""B"": ""5 cm"", ""C"": ""8 cm"", ""D"": ""9 cm"", ""E"": null, ""F"": null}",A,,,"[Diagram required] In the diagram, AB = 12 cm, AE = 8 cm, DC = 9 cm and the indicated lines are parallel. Find EC.","{""requires_diagram"": true}","From the parallel lines, the relevant triangles are similar. The corresponding side ratio gives EC/AE = DC/AB = 9/12. Therefore EC = 8 x 9/12 = 6 cm.",,MCQ,false
2025_38,2025,38,2025_38,math,Geometry and Mensuration,Plane Geometry,,,,,"[Diagram required] In the diagram, PQ is parallel to TU, angle PQR = 50 degrees, angle QRS = 86 degrees and angle STU = 64 degrees. Calculate x.",Parallel line angle chasing,"{""A"": ""100 degrees"", ""B"": ""108 degrees"", ""C"": ""120 degrees"", ""D"": ""136 degrees"", ""E"": null, ""F"": null}",A,,,"[Diagram required] In the diagram, PQ is parallel to TU, angle PQR = 50 degrees, angle QRS = 86 degrees and angle STU = 64 degrees. Calculate x.","{""requires_diagram"": true}","Using corresponding and co-interior angles on the parallel lines, the angle chase in the diagram reduces to x = 100 degrees.",,MCQ,false
2025_39,2025,39,2025_39,math,Geometry and Mensuration,Plane Geometry,,,,,"[Diagram required] In the diagram, AB is parallel to DC, and the bisectors of angle BAC and angle ACD meet at E. Find angle AEC.",Angle bisectors,"{""A"": ""45 degrees"", ""B"": ""60 degrees"", ""C"": ""30 degrees"", ""D"": ""90 degrees"", ""E"": null, ""F"": null}",D,,,"[Diagram required] In the diagram, AB is parallel to DC, and the bisectors of angle BAC and angle ACD meet at E. Find angle AEC.","{""requires_diagram"": true}","The two angles being bisected are supplementary because of the parallel lines and the diagram layout. The bisectors of supplementary angles meet at a right angle, so angle AEC = 90 degrees.",,MCQ,false
2025_40,2025,40,2025_40,math,Geometry and Mensuration,Plane Geometry,,,,,"[Diagram required] In the diagram, AB is parallel to CD. What is the size of angle x?",Parallel line angle chasing,"{""A"": ""93 degrees"", ""B"": ""77 degrees"", ""C"": ""103 degrees"", ""D"": ""62 degrees"", ""E"": null, ""F"": null}",A,,,"[Diagram required] In the diagram, AB is parallel to CD. What is the size of angle x?","{""requires_diagram"": true}","Using the given angle relationships in the parallel-line diagram, corresponding and triangle angles give x = 93 degrees.",,MCQ,false
2025_41,2025,41,2025_41,math,Geometry and Mensuration,Plane Geometry,,,,,"[Diagram required] In the diagram, find b + c.",Cyclic quadrilateral angles,"{""A"": ""a degrees"", ""B"": ""90 degrees"", ""C"": ""180 degrees"", ""D"": ""d degrees"", ""E"": null, ""F"": null}",C,,,"[Diagram required] In the diagram, find b + c.","{""requires_diagram"": true}","The diagram forms a cyclic quadrilateral, so the opposite angles b and c are supplementary. Therefore b + c = 180 degrees.",,MCQ,false
2025_42,2025,42,2025_42,math,Geometry and Mensuration,Plane Geometry,,,,,"In triangle ABC, side BC is produced to D. If AB = AC and angle BAC = 50 degrees, find angle ACD.",Isosceles triangle exterior angle,"{""A"": ""115 degrees"", ""B"": ""65 degrees"", ""C"": ""60 degrees"", ""D"": ""50 degrees"", ""E"": null, ""F"": null}",A,,,"In triangle ABC, side BC is produced to D. If AB = AC and angle BAC = 50 degrees, find angle ACD.",,"Since AB = AC, the base angles at B and C are equal. Each is (180 - 50)/2 = 65 degrees. The exterior angle ACD is 180 - 65 = 115 degrees.",,MCQ,false
2025_43,2025,43,2025_43,math,Trigonometry,Trigonometric Ratios,,,,,"In right triangle PQR, angle PRQ = 90 degrees, angle QPR = 30 degrees and PQ = 10 cm. Find QR.",30-60-90 triangle,"{""A"": ""6 cm"", ""B"": ""4 cm"", ""C"": ""5 cm"", ""D"": ""3 cm"", ""E"": null, ""F"": null}",C,,,"In right triangle PQR, angle PRQ = 90 degrees, angle QPR = 30 degrees and PQ = 10 cm. Find QR.",,"PQ is the hypotenuse. In a right triangle, the side opposite 30 degrees is half the hypotenuse, so QR = 10/2 = 5 cm.",,MCQ,false
2025_44,2025,44,2025_44,math,Statistics and Probability,Measures of Central Tendency,,,,,"What is the mode of 8, 10, 9, 9, 10, 8, 11, 8, 10, 9, 8 and 14?",Mode,"{""A"": ""8"", ""B"": ""9"", ""C"": ""10"", ""D"": ""11"", ""E"": null, ""F"": null}",A,,,"What is the mode of 8, 10, 9, 9, 10, 8, 11, 8, 10, 9, 8 and 14?",,"The mode is the value that occurs most often. The number 8 appears four times, more than any other value.",,MCQ,false
2025_45,2025,45,2025_45,math,Geometry and Mensuration,Bearings,,,,,"The bearings of Q and R from P are 030 degrees and 120 degrees respectively. If PQ = 12 m and PR = 5 m, find QR.",Bearing and Pythagoras,"{""A"": ""11 m"", ""B"": ""13 m"", ""C"": ""9 m"", ""D"": ""7 m"", ""E"": null, ""F"": null}",B,,,"The bearings of Q and R from P are 030 degrees and 120 degrees respectively. If PQ = 12 m and PR = 5 m, find QR.",,The included angle at P is 120 degrees - 30 degrees = 90 degrees. Therefore QR is the hypotenuse of a right triangle with legs 12 m and 5 m: QR = sqrt(12^2 + 5^2) = 13 m.,,MCQ,false
2025_46,2025,46,2025_46,math,Trigonometry,Trigonometric Ratios,,,,,"Without using tables, evaluate sin 20 degrees / cos 70 degrees + cos 25 degrees / sin 65 degrees.",Complementary angles,"{""A"": ""2"", ""B"": ""0"", ""C"": ""1"", ""D"": ""-1"", ""E"": null, ""F"": null}",A,,,"Without using tables, evaluate sin 20 degrees / cos 70 degrees + cos 25 degrees / sin 65 degrees.",,"Since sin 20 degrees = cos 70 degrees, the first fraction is 1. Since cos 25 degrees = sin 65 degrees, the second fraction is also 1. The sum is 2.",,MCQ,false
2025_47,2025,47,2025_47,math,Statistics and Probability,Measures of Central Tendency,,,,,"The mean of 20 observations is 4. If the largest observation is 23, find the mean of the remaining observations.",Mean,"{""A"": ""4"", ""B"": ""2.60"", ""C"": ""2.85"", ""D"": ""3"", ""E"": null, ""F"": null}",D,,,"The mean of 20 observations is 4. If the largest observation is 23, find the mean of the remaining observations.",,"The total of the 20 observations is 20 x 4 = 80. Removing 23 leaves 57 for 19 observations, so the new mean is 57/19 = 3.",,MCQ,false
2025_48,2025,48,2025_48,math,Statistics and Probability,Probability,,,,,Two fair dice are tossed together once. Find the probability that the sum of the outcomes is at least 10.,Dice probability,"{""A"": ""1/6"", ""B"": ""1/12"", ""C"": ""1/4"", ""D"": ""5/36"", ""E"": null, ""F"": null}",A,,,Two fair dice are tossed together once. Find the probability that the sum of the outcomes is at least 10.,,"The sums at least 10 are 10, 11 and 12. The favourable ordered pairs are (4,6), (5,5), (6,4), (5,6), (6,5) and (6,6), giving 6 outcomes out of 36. Probability = 6/36 = 1/6.",,MCQ,false
2025_49,2025,49,2025_49,math,Statistics and Probability,Measures of Central Tendency,,,,,"Find the median of 2.64, 2.50, 2.72, 2.91 and 2.35.",Median,"{""A"": ""2.50"", ""B"": ""2.64"", ""C"": ""2.91"", ""D"": ""2.72"", ""E"": null, ""F"": null}",B,,,"Find the median of 2.64, 2.50, 2.72, 2.91 and 2.35.",,"Arrange the values in ascending order: 2.35, 2.50, 2.64, 2.72, 2.91. The middle value is 2.64.",,MCQ,false
2025_50,2025,50,2025_50,math,Statistics and Probability,Probability,,,,,"A box contains 2 red, 6 white and 5 black balls. A ball is selected at random. What is the probability that it is black?",Simple probability,"{""A"": ""5/13"", ""B"": ""5/11"", ""C"": ""2/13"", ""D"": ""5/6"", ""E"": null, ""F"": null}",A,,,"A box contains 2 red, 6 white and 5 black balls. A ball is selected at random. What is the probability that it is black?",,There are 2 + 6 + 5 = 13 balls in total and 5 are black. Therefore the probability is 5/13.,,MCQ,false
2025_51,2025,51,2025_51,math,Algebra,Factorisation and Sets,,,,,"PART ONE. (a) Factorize px - 2qx - 4qy + 2py. (b) Given U = {1,2,3,4,5,6,7,8,9,10}, P = {1,2,4,6,10} and Q = {2,3,6,9}, show that (P union Q)^1 = P^1 intersection Q^1.","(a) (p - 2q)(x + 2y). (b) Both sides equal {5, 7, 8}.",,"(a) (p - 2q)(x + 2y). (b) Both sides equal {5, 7, 8}.",,,"PART ONE. (a) Factorize px - 2qx - 4qy + 2py. (b) Given U = {1,2,3,4,5,6,7,8,9,10}, P = {1,2,4,6,10} and Q = {2,3,6,9}, show that (P union Q)^1 = P^1 intersection Q^1.",,"(a) Group terms: px - 2qx - 4qy + 2py = x(p - 2q) + 2y(p - 2q) = (p - 2q)(x + 2y). (b) P union Q = {1,2,3,4,6,9,10}, so its complement in U is {5,7,8}. Also P^1 = {3,5,7,8,9} and Q^1 = {1,4,5,7,8,10}; their intersection is {5,7,8}. Therefore (P union Q)^1 = P^1 intersection Q^1.",,FRQ,false
2025_52,2025,52,2025_52,math,Algebra,Variation,,,,,"(a) y is partly constant and partly varies inversely as the square of x. Write the relationship between x and y. (b) When x = 1, y = 11, and when x = 2, y = 5. Find y when x = 4.",(a) y = a + b/x^2. (b) y = 7/2.,,(a) y = a + b/x^2. (b) y = 7/2.,,,"(a) y is partly constant and partly varies inversely as the square of x. Write the relationship between x and y. (b) When x = 1, y = 11, and when x = 2, y = 5. Find y when x = 4.",,"(a) The relationship is y = a + b/x^2, where a and b are constants. (b) From x = 1, a + b = 11. From x = 2, a + b/4 = 5. Subtracting gives 3b/4 = 6, so b = 8. Then a = 3. When x = 4, y = 3 + 8/16 = 3 + 1/2 = 7/2.",,FRQ,false
2025_53,2025,53,2025_53,math,Geometry and Mensuration,Parallelograms and Latitude,,,,,"(a) In the diagram, PQSR and SRYZ are parallelograms, and PQYZ is a straight line. If QY = 2 cm and RS = 3 cm, find PZ. (b) P and Q are towns on latitude 56 degrees N with longitudes 25 degrees E and 95 degrees E. Find distance PQ along the parallel of latitude, correct to nearest km. Take R = 6400 km and pi = 22/7.","(a) 8 cm. (b) 4,374 km.",,"(a) 8 cm. (b) 4,374 km.",,,"(a) In the diagram, PQSR and SRYZ are parallelograms, and PQYZ is a straight line. If QY = 2 cm and RS = 3 cm, find PZ. (b) P and Q are towns on latitude 56 degrees N with longitudes 25 degrees E and 95 degrees E. Find distance PQ along the parallel of latitude, correct to nearest km. Take R = 6400 km and pi = 22/7.",,"(a) In parallelogram PQSR, PQ = RS = 3 cm. In parallelogram SRYZ, YZ = RS = 3 cm. Since P, Q, Y and Z are collinear, PZ = PQ + QY + YZ = 3 + 2 + 3 = 8 cm. (b) Difference in longitude = 95 - 25 = 70 degrees. Distance along latitude theta is (longitude difference/360) x 2piR cos(theta). Thus PQ = 70/360 x 2 x 22/7 x 6400 x cos56 degrees, about 4374 km.",,FRQ,false
2025_54,2025,54,2025_54,math,Statistics and Probability,Probability and Bearings,,,,,"(a) A pack of 52 playing cards is shuffled and a card is drawn at random. Calculate the probability that it is either a five or a red nine. (b) P, Q and R are points in the same horizontal plane. Bearing of Q from P is 150 degrees and bearing of R from Q is 060 degrees. If PQ = 5 m and QR = 3 m, find the bearing of R from P, correct to nearest degree.",(a) 3/26. (b) 119 degrees.,,(a) 3/26. (b) 119 degrees.,,,"(a) A pack of 52 playing cards is shuffled and a card is drawn at random. Calculate the probability that it is either a five or a red nine. (b) P, Q and R are points in the same horizontal plane. Bearing of Q from P is 150 degrees and bearing of R from Q is 060 degrees. If PQ = 5 m and QR = 3 m, find the bearing of R from P, correct to nearest degree.",,"(a) There are 4 fives and 2 red nines. These are distinct cards, so favourable outcomes = 6. Probability = 6/52 = 3/26. (b) Resolve into east and north components. From P to Q: east = 5sin150 = 2.5, north = 5cos150 = -4.330. From Q to R: east = 3sin60 = 2.598, north = 3cos60 = 1.5. From P to R: east = 5.098, north = -2.830. Bearing = atan(east/north) in the correct quadrant = 119 degrees to the nearest degree.",,FRQ,false
2025_55,2025,55,2025_55,math,Statistics and Probability,Measures of Central Tendency,,,,,"The table shows marks scored by 32 students. Marks: 1,2,3,4,5,6,7,8,9,10. Frequencies: 2,3,4,4,4,4,5,3,2,1. (a)(i) Find the mean. (ii) Find the median. (iii) Find the mode. (b) Find the percentage who scored at least 8 marks.","Mean = 5.22, median = 5, mode = 7, percentage = 18.75%.",,"Mean = 5.22, median = 5, mode = 7, percentage = 18.75%.",,,"The table shows marks scored by 32 students. Marks: 1,2,3,4,5,6,7,8,9,10. Frequencies: 2,3,4,4,4,4,5,3,2,1. (a)(i) Find the mean. (ii) Find the median. (iii) Find the mode. (b) Find the percentage who scored at least 8 marks.",,"Total frequency = 32. Sum of fx = 1(2)+2(3)+3(4)+4(4)+5(4)+6(4)+7(5)+8(3)+9(2)+10(1) = 167. Mean = 167/32 = 5.21875, about 5.22. The 16th and 17th observations both fall at mark 5, so median = 5. The highest frequency is 5 at mark 7, so mode = 7. At least 8 marks means scores 8, 9 and 10: frequency = 3 + 2 + 1 = 6. Percentage = 6/32 x 100 = 18.75%.",,FRQ,false
2025_56,2025,56,2025_56,math,Number and Numeration,Logarithms and Trigonometry,,,,,"PART TWO. (a)(i) Using mathematical tables, find 2sin63.35 degrees. (ii) Find log cos44.74 degrees. (iii) Find k given that log k - log(k - 2) = log 5. (b) Use logarithm tables to evaluate (3.68^2 x 6.705)/sqrt(0.3581).",(a)(i) 1.788 approx. (ii) -0.1486 approx. (iii) k = 5/2. (b) 151.7 approx.,,(a)(i) 1.788 approx. (ii) -0.1486 approx. (iii) k = 5/2. (b) 151.7 approx.,,,"PART TWO. (a)(i) Using mathematical tables, find 2sin63.35 degrees. (ii) Find log cos44.74 degrees. (iii) Find k given that log k - log(k - 2) = log 5. (b) Use logarithm tables to evaluate (3.68^2 x 6.705)/sqrt(0.3581).",,"(a)(i) sin63.35 degrees is about 0.8938, so 2sin63.35 degrees is about 1.7876, or 1.788. (ii) cos44.74 degrees is about 0.7103, so log10(cos44.74 degrees) is about -0.1486. (iii) log k - log(k - 2) = log(k/(k - 2)) = log 5, so k/(k - 2) = 5. Hence k = 5k - 10, 4k = 10 and k = 5/2. (b) Direct evaluation gives (3.68^2 x 6.705)/sqrt(0.3581) about 151.737, so the value is about 151.7.",,FRQ,false
2025_57,2025,57,2025_57,math,Algebra,Formulae and Quadratics,,,,,"(a) Given p = x + ym^3, find m in terms of p, x and y. (b) By completing the square, find the roots of x^2 - 6x + 7 = 0 to 1 decimal place. (c) The product of two consecutive positive odd numbers is 195. Form and solve a quadratic equation to find the numbers.",(a) m = cube_root((p - x)/y). (b) 1.6 and 4.4. (c) 13 and 15.,,(a) m = cube_root((p - x)/y). (b) 1.6 and 4.4. (c) 13 and 15.,,,"(a) Given p = x + ym^3, find m in terms of p, x and y. (b) By completing the square, find the roots of x^2 - 6x + 7 = 0 to 1 decimal place. (c) The product of two consecutive positive odd numbers is 195. Form and solve a quadratic equation to find the numbers.",,"(a) p = x + ym^3 gives ym^3 = p - x, so m^3 = (p - x)/y and m = cube_root((p - x)/y). (b) x^2 - 6x + 7 = 0 becomes (x - 3)^2 - 2 = 0, so x = 3 +/- sqrt(2). To one decimal place, x = 1.6 or 4.4. (c) Let the smaller odd number be n; the next is n + 2. Then n(n + 2) = 195, so n^2 + 2n - 195 = 0. Factor: (n - 13)(n + 15) = 0. The positive solution is n = 13, so the numbers are 13 and 15.",,FRQ,false
2025_58,2025,58,2025_58,math,Trigonometry,Graphs of Trigonometric Functions,,,,,"(a) Complete the table for y = 2cos(2x) - 1 for x = 0,30,60,90,120,150,180 degrees. (b) Draw the graph for 0 <= x <= 180. (c) On the same axes, draw y = (1/180)(x - 360). (d) Use the graphs to find x for which 2cos(2x) + 1/2 = 0.","Table: 1,0,-2,-3,-2,0,1. Intersections for part (d): x approx 52.2 degrees and 127.8 degrees.",,"Table: 1,0,-2,-3,-2,0,1. Intersections for part (d): x approx 52.2 degrees and 127.8 degrees.",,,"(a) Complete the table for y = 2cos(2x) - 1 for x = 0,30,60,90,120,150,180 degrees. (b) Draw the graph for 0 <= x <= 180. (c) On the same axes, draw y = (1/180)(x - 360). (d) Use the graphs to find x for which 2cos(2x) + 1/2 = 0.",,"For y = 2cos(2x) - 1, substituting x = 0,30,60,90,120,150,180 degrees gives y = 1, 0, -2, -3, -2, 0, 1. The straight-line graph is y = (x - 360)/180. For part (d), solve 2cos(2x) + 1/2 = 0, so cos(2x) = -1/4. In 0 <= x <= 180, this gives 2x about 104.48 degrees or 255.52 degrees, so x about 52.2 degrees or 127.8 degrees.",,FRQ,false
2025_59,2025,59,2025_59,math,Geometry and Mensuration,Construction,,,,,"(a) Using ruler and compasses only, construct triangle ABC with AB = 7.5 cm, BC = 8.1 cm and angle ABC = 105 degrees. (b) Locate D on BC such that BD:DC = 3:2. (c) Through D, construct a line perpendicular to BC. (d) If the line meets AC at P, measure BP.",BP is about 5.4 cm.,,BP is about 5.4 cm.,,,"(a) Using ruler and compasses only, construct triangle ABC with AB = 7.5 cm, BC = 8.1 cm and angle ABC = 105 degrees. (b) Locate D on BC such that BD:DC = 3:2. (c) Through D, construct a line perpendicular to BC. (d) If the line meets AC at P, measure BP.",,"Draw BC = 8.1 cm. At B construct a 105 degree angle and mark A on that ray so that AB = 7.5 cm, then join A to C. Divide BC in the ratio 3:2 so BD = (3/5)(8.1) = 4.86 cm and DC = 3.24 cm. Through D draw the perpendicular to BC and let it meet AC at P. A coordinate check of the construction gives BP about 5.39 cm, so BP should measure about 5.4 cm.",,FRQ,false
2025_60,2025,60,2025_60,math,Geometry and Mensuration,Bearings and Latitude,,,,,"(a)(i) A man travels from X on a bearing 060 degrees to Y, 20 km away. From Y he travels to Z on bearing 195 degrees. If Z is directly east of X, find YZ to 3 s.f. (ii) Find ZX to 3 s.f. (b)(i) An aircraft flies due south from latitude 36 degrees N to 36 degrees S on the same longitude. Find the distance travelled to 3 s.f. (ii) If its speed is 800 km/h, find the time to nearest hour. Take pi = 22/7, R = 6400 km.",(a)(i) YZ = 10.4 km. (ii) ZX = 14.6 km. (b)(i) 8.05 x 10^3 km. (ii) 10 hours.,,(a)(i) YZ = 10.4 km. (ii) ZX = 14.6 km. (b)(i) 8.05 x 10^3 km. (ii) 10 hours.,,,"(a)(i) A man travels from X on a bearing 060 degrees to Y, 20 km away. From Y he travels to Z on bearing 195 degrees. If Z is directly east of X, find YZ to 3 s.f. (ii) Find ZX to 3 s.f. (b)(i) An aircraft flies due south from latitude 36 degrees N to 36 degrees S on the same longitude. Find the distance travelled to 3 s.f. (ii) If its speed is 800 km/h, find the time to nearest hour. Take pi = 22/7, R = 6400 km.",,"(a) From X to Y, north component = 20cos60 = 10 km and east component = 20sin60 = 17.32 km. From Y to Z on bearing 195 degrees, the north component is YZ cos195. Since Z is directly east of X, final northing is zero: 10 + YZ cos195 = 0. Hence YZ = -10/cos195 about 10.35 km, so 10.4 km. Easting of Z from X is 17.32 + 10.35sin195 about 14.64 km, so ZX = 14.6 km. (b) The latitude difference is 72 degrees. Distance along a meridian = 72/360 x 2 x 22/7 x 6400 = 8045.7 km, about 8.05 x 10^3 km. Time = 8045.7/800 = 10.06 hours, about 10 hours.",,FRQ,false
2025_61,2025,61,2025_61,math,Statistics and Probability,Cumulative Frequency,,,,,"The table shows scores of 2000 candidates: percent marks 11-20, 21-30, 31-40, 41-50, 51-60, 61-70, 71-80, 81-90 with frequencies 68,184,294,402,480,310,164,98. Prepare a cumulative frequency table and draw the cumulative frequency curve.","Cumulative frequencies: 68, 252, 546, 948, 1428, 1738, 1902, 2000.",,"Cumulative frequencies: 68, 252, 546, 948, 1428, 1738, 1902, 2000.",,,"The table shows scores of 2000 candidates: percent marks 11-20, 21-30, 31-40, 41-50, 51-60, 61-70, 71-80, 81-90 with frequencies 68,184,294,402,480,310,164,98. Prepare a cumulative frequency table and draw the cumulative frequency curve.",,"Add frequencies successively. For class intervals 11-20, 21-30, 31-40, 41-50, 51-60, 61-70, 71-80 and 81-90, the cumulative frequencies are 68, 252, 546, 948, 1428, 1738, 1902 and 2000. For the ogive, plot cumulative frequency against the upper class boundaries 20.5, 30.5, 40.5, 50.5, 60.5, 70.5, 80.5 and 90.5, starting from 10.5 with cumulative frequency 0, then join the points smoothly.",,FRQ,false
